{"theme_primary_color":"","enable_preloader":"1","preloader_image":{"url":"https:\/\/demo.themedraft.net\/wp\/valkuta\/wp-content\/uploads\/2020\/02\/loader.png","id":"18","width":"512","height":"512","thumbnail":"https:\/\/demo.themedraft.net\/wp\/valkuta\/wp-content\/uploads\/2020\/02\/loader-150x150.png","alt":"","title":"loader","description":""},"preloader_background_color":"","gmap_api_key":"AIzaSyBAqoQJLHAq9VMuLG1vlvNidLAbDnOkgHE","body_typo":{"font-family":"Nunito","font-weight":"normal","font-style":"","extra-styles":["600","700","800","900"],"subset":"","font-size":"","line-height":"","letter-spacing":"","type":"google","unit":"px"},"heading_typo":{"font-family":"","font-weight":"","font-style":"","extra-styles":["",""],"subset":"","font-size":"","line-height":"","letter-spacing":"","type":"","unit":"px"},"sub_heading_typo":{"font-family":"Covered By Your Grace","font-weight":"normal","font-style":"","subset":"","font-size":"","line-height":"","letter-spacing":"","type":"google","unit":"px"},"different_fonts_for_different_heading":"","h1_typo":{"font-family":"","font-weight":"","font-style":"","extra-styles":["",""],"subset":"","font-size":"","line-height":"","letter-spacing":"","type":"","unit":"px"},"h2_typo":{"font-family":"","font-weight":"","font-style":"","extra-styles":["",""],"subset":"","font-size":"","line-height":"","letter-spacing":"","type":"","unit":"px"},"h3_typo":{"font-family":"","font-weight":"","font-style":"","extra-styles":["",""],"subset":"","font-size":"","line-height":"","letter-spacing":"","type":"","unit":"px"},"h4_typo":{"font-family":"","font-weight":"","font-style":"","extra-styles":["",""],"subset":"","font-size":"","line-height":"","letter-spacing":"","type":"","unit":"px"},"h5_typo":{"font-family":"","font-weight":"","font-style":"","extra-styles":["",""],"subset":"","font-size":"","line-height":"","letter-spacing":"","type":"","unit":"px"},"h6_typo":{"font-family":"","font-weight":"","font-style":"","extra-styles":["",""],"subset":"","font-size":"","line-height":"","letter-spacing":"","type":"","unit":"px"},"site_default_header":"header-style-one","logo_column":"col-lg-2","menu_column":"col-lg-10","header_default_logo":{"url":"https:\/\/demo.themedraft.net\/wp\/valkuta\/wp-content\/uploads\/2020\/02\/logo3.png","id":"19","width":"500","height":"120","thumbnail":"https:\/\/demo.themedraft.net\/wp\/valkuta\/wp-content\/uploads\/2020\/02\/logo3-150x120.png","alt":"","title":"logo3","description":""},"menu_paw_color":"","enable_cta_btn":"1","header_cta_btn_text":"Contact Us","header_cta_btn_url":"https:\/\/demo.themedraft.net\/wp\/valkuta\/contact\/","header_top_info_text":[{"info_text":"Seoul Park 28292 South Korea","info_icon":"flaticon-business-placeholder-3"},{"info_text":"<a href=\"tel:123456\">+82 010 234 567<\/a>","info_icon":"flaticon-business-phone-call"},{"info_text":"<a href=\"mailto:admin@themedraft.net\">admin@themedraft.net<\/a>","info_icon":"flaticon-business-email-2"}],"header_top_socials":[{"icon":"fab fa-twitter","profile_url":"#"},{"icon":"fab fa-linkedin-in","profile_url":"#"},{"icon":"fab fa-pinterest-p","profile_url":"#"},{"icon":"fab fa-instagram","profile_url":"#"}],"banner_default_options":{"background-color":"","background-image":{"url":"https:\/\/demo.themedraft.net\/wp\/valkuta\/wp-content\/uploads\/2020\/02\/banner-img.jpeg","id":"20","width":"1897","height":"1361","thumbnail":"https:\/\/demo.themedraft.net\/wp\/valkuta\/wp-content\/uploads\/2020\/02\/banner-img-150x150.jpeg","alt":"","title":"banner-img","description":""}},"banner_default_text_align":"left","banner_default_height":"","page_default_layout":"full-width","page_default_sidebar":"sidebar","blog_layout":"right-sidebar","blog_banner":"1","blog_banner_background_options":{"background-color":"","background-image":{"url":"","id":"","width":"","height":"","thumbnail":"","alt":"","title":"","description":""}},"blog_title":"Blog","post_author":"1","post_date":"1","cmnt_number":"1","show_category":"1","read_more_button":"1","single_post_default_layout":"right-sidebar","single_post_default_sidebar":"sidebar","post_banner_title":"Blog","show_default_title":"0","single_post_breadcrumb":"0","single_post_author":"1","single_post_date":"1","single_post_cmnt":"1","single_post_cat":"1","single_post_tag":"1","post_share":"1","prev_next_post":"1","author_details":"1","service_default_layout":"left-sidebar","service_default_sidebar":"service-sidebar","team_default_layout":"full-width","team_default_sidebar":"sidebar","archive_layout":"right-sidebar","archive_banner":"1","archive_banner_background_options":{"background-color":"","background-gradient-color":"","background-gradient-direction":"","background-image":{"url":"","id":"","width":"","height":"","thumbnail":"","alt":"","title":"","description":""},"background-position":"","background-repeat":"","background-attachment":"","background-size":""},"search_layout":"right-sidebar","search_banner":"1","search_banner_background_options":{"background-color":"","background-gradient-color":"","background-gradient-direction":"","background-image":{"url":"","id":"","width":"","height":"","thumbnail":"","alt":"","title":"","description":""},"background-position":"","background-repeat":"","background-attachment":"","background-size":""},"error_banner":"1","error_banner_background_options":{"background-color":"","background-gradient-color":"","background-gradient-direction":"","background-image":{"url":"","id":"","width":"","height":"","thumbnail":"","alt":"","title":"","description":""},"background-position":"","background-repeat":"","background-attachment":"","background-size":""},"error_page_title":"Page Not Found","error_banner_text_align":"","not_found_text":"<h2>Oops!<\/h2><h2> That page can\u2019t be found.<\/h2><p>We Are Really Sorry But The Page You Requested is Missing.<\/p>","go_back_home":"1","shop_page_layout":"full-width","product_per_page":"9","product_column":"3","product_quick_view":"1","product_wish_list":"1","product_page_layout":"right-sidebar","product_default_sidebar":"shop-sidebar","product_sku":"1","product_cat":"1","product_tag":"1","show_related_products":"1","related_products_column":"3","default_footer_style":"footer-style-one","footer_widget_column":"col-lg-4","copyright_text":"\u00a9 valkuta 2020 | All Right Reserved","footer_info_right_text":"valkuta | Developed by: <a href=\"https:\/\/themedraft.net\/\" target=\"_blank\" rel=\"noopener\">ThemeDraft<\/a>","show_footer_image":"1","footer_one_bottom_image":{"background-color":"","background-image":{"url":"https:\/\/demo.themedraft.net\/wp\/valkuta\/wp-content\/uploads\/2020\/02\/footer-bottom-image.jpg","id":"21","width":"1828","height":"255","thumbnail":"https:\/\/demo.themedraft.net\/wp\/valkuta\/wp-content\/uploads\/2020\/02\/footer-bottom-image-150x150.jpg","alt":"","title":"footer-bottom-image","description":""}},"footer_two_bottom_image":{"background-color":"","background-image":{"url":"","id":"","width":"","height":"","thumbnail":"","alt":"","title":"","description":""}},"go_to_top_button":"1","valkuta_custom_css":""}